fund_id,fund_name,manager_name,manager_status,completeness_score,status,enrichment_state,official_fund_profile_url,manager_logo_url,prospectus_url,factsheet_url,subscription_frequency,subscription_minimum,subscription_fee,redemption_frequency,redemption_fee,custodian,administrator,auditor,sponsor,missing_fields
sarwaty__ci_asset_management,Sarwaty,CI Asset Management,known,14.3,LOW,NOT_STARTED,,https://www.cicapital.com/wp-content/uploads/2024/07/CICapitalLogo-En.png,,,,,,,,,,,,official_fund_profile_url|prospectus_url|factsheet_url|subscription_frequency|subscription_minimum|subscription_fee|redemption_frequency|redemption_fee|custodian|administrator|auditor|sponsor
afaaq__arab_african_investment_management,Afaaq,Arab African Investment Management,known,85.7,COMPLETE,COMPLETE,https://aaim.com.eg/en/what-we-offer/funds/afaaq,,https://aaim.com.eg/en/file/400/c4b5ca31/Afaaq+Prospectus.pdf,https://aaim.com.eg/en/file/503/c8adca54/AFAQ+Fact+Sheet-July+2026.pdf,Daily,100,Free,Daily,Free,Banque du Caire,ServFund,,Afaaq Investment Co.,manager_logo_url|auditor
ci_fixed_income_fund__ci_asset_management,*CI Fixed Income Fund,CI Asset Management,known,14.3,LOW,NOT_STARTED,,https://www.cicapital.com/wp-content/uploads/2024/07/CICapitalLogo-En.png,,,,,,,,,,,,official_fund_profile_url|prospectus_url|factsheet_url|subscription_frequency|subscription_minimum|subscription_fee|redemption_frequency|redemption_fee|custodian|administrator|auditor|sponsor
cash_mubasher__mubasher_asset_management,Cash Mubasher,Mubasher Asset Management,known,7.1,LOW,NOT_STARTED,,,,,,,,,,,,,,official_fund_profile_url|manager_logo_url|prospectus_url|factsheet_url|subscription_frequency|subscription_minimum|subscription_fee|redemption_frequency|redemption_fee|custodian|administrator|auditor|sponsor
naeem_misr_fund__naeem_for_financial_investments,Naeem Misr Fund,Naeem for Financial Investments,known,7.1,LOW,NOT_STARTED,,,,,,,,,,,,,,official_fund_profile_url|manager_logo_url|prospectus_url|factsheet_url|subscription_frequency|subscription_minimum|subscription_fee|redemption_frequency|redemption_fee|custodian|administrator|auditor|sponsor
azimut_target_maturity_fund_target_2029_usd__azimut_egypt_asset_management,Azimut Target Maturity Fund-Target 2029 USD,Azimut Egypt Asset Management,known,50.0,PARTIAL,PARTIAL,https://azimut.eg/fundpage;name=az-asthkak-t29-usd-2,https://api.azimut.eg/storage/entities/November2023/q5uh5R2ygOQfrAsaTOXC.jpg,https://api.azimut.eg/storage/funds/July2024/I773eGr75ex0t3LtQ8Bq.pdf,https://api.azimut.eg/storage/funds/August2026/nrHOewMqq9WRVtWaJ9Tp.pdf,During the initial subs. phase or if the investment manager decided to make a re-open for a limited period,,,Monthly,,,,,,subscription_minimum|subscription_fee|redemption_fee|custodian|administrator|auditor|sponsor
zaldi_el_masry__zaldi_investments,Zaldi El Masry,Zaldi Investments,known,7.1,LOW,NOT_STARTED,,,,,,,,,,,,,,official_fund_profile_url|manager_logo_url|prospectus_url|factsheet_url|subscription_frequency|subscription_minimum|subscription_fee|redemption_frequency|redemption_fee|custodian|administrator|auditor|sponsor
bareeq__arab_african_investment_management,Bareeq,Arab African Investment Management,known,85.7,COMPLETE,COMPLETE,https://aaim.com.eg/en/what-we-offer/funds/bareeq,,https://aaim.com.eg/en/file/402/e013dbf8/Bareeq+Prospectus.pdf,https://aaim.com.eg/en/file/494/9ba9fbf4/Bariq+Fact+Sheet-July+2026.pdf,Daily,50,Free,Daily,Free,Ahli United Bank,Catalyst,,Bareeq Investment Co.,manager_logo_url|auditor
ebank_fund_ii__azimut_egypt_asset_management,Ebank Fund II,Azimut Egypt Asset Management,known,64.3,HIGH,HIGH,https://azimut.eg/fundpage;name=ebank-2,https://api.azimut.eg/storage/entities/November2023/q5uh5R2ygOQfrAsaTOXC.jpg,https://api.azimut.eg/storage/funds/April2025/LQuy0Q2iImDCE4GZrpJO.pdf,https://api.azimut.eg/storage/funds/October2024/9OUfIjm2tZRMIzt8WAr1.pdf,Daily,,0,Daily,0.0,,,,,subscription_minimum|custodian|administrator|auditor|sponsor
diamond__arab_african_investment_management,Diamond,Arab African Investment Management,known,85.7,COMPLETE,COMPLETE,https://aaim.com.eg/en/what-we-offer/funds/diamond,,https://aaim.com.eg/en/file/488/afaccb33/Diamond+prospects.pdf,https://aaim.com.eg/en/file/499/6c8fc2f8/Diamond+%281%29.pdf,Daily,10,Free,Daily,Free,Ahli United Bank,Catalyst,,AAIH,manager_logo_url|auditor
kenz_foras_equity__arab_african_investment_management,Kenz Foras Equity,Arab African Investment Management,known,85.7,COMPLETE,COMPLETE,https://aaim.com.eg/en/what-we-offer/funds/kenz-foras,,https://aaim.com.eg/en/file/409/238af74a/Kenz+Foras+Prospectus.PDF,https://aaim.com.eg/en/file/500/ce9b50b3/Kenz+Foras+%281%29.pdf,Daily,10,Free,Daily,Free,HDBK,Catalyst,,AAIH,manager_logo_url|auditor
mubasher_equity__mubasher_asset_management,Mubasher Equity,Mubasher Asset Management,known,7.1,LOW,NOT_STARTED,,,,,,,,,,,,,,official_fund_profile_url|manager_logo_url|prospectus_url|factsheet_url|subscription_frequency|subscription_minimum|subscription_fee|redemption_frequency|redemption_fee|custodian|administrator|auditor|sponsor
beltone_consumer_fund__beltone_asset_management,Beltone Consumer Fund,Beltone Asset Management,known,14.3,LOW,NOT_STARTED,,https://www.beltoneholding.com/assets/logo-dark.svg,,,,,,,,,,,,official_fund_profile_url|prospectus_url|factsheet_url|subscription_frequency|subscription_minimum|subscription_fee|redemption_frequency|redemption_fee|custodian|administrator|auditor|sponsor
agricultural_bank_of_egypt_fund_al_massy__hermes_portfolio_and_fund_management,Agricultural Bank of Egypt Fund (Al Massy),Hermes Portfolio and Fund Management,known,35.7,PARTIAL,PARTIAL,https://efgholding.com/en/our-services/mutual-funds/elmassy,https://efgholding.com/uploads/logo_84cc2a9a06.svg,,https://efgholding.com/uploads/EN_ELMASSY_Factsheet_Q2_2026_877a6d36d8.pdf,,5 investment certificates,,,,,,,,prospectus_url|subscription_frequency|subscription_fee|redemption_frequency|redemption_fee|custodian|administrator|auditor|sponsor
ni_capital_15_30__ni_capital,NI Capital 15/30,NI Capital,known,7.1,LOW,NOT_STARTED,,,,,,,,,,,,,,official_fund_profile_url|manager_logo_url|prospectus_url|factsheet_url|subscription_frequency|subscription_minimum|subscription_fee|redemption_frequency|redemption_fee|custodian|administrator|auditor|sponsor
allianz__ci_asset_management,Allianz,CI Asset Management,known,14.3,LOW,NOT_STARTED,,https://www.cicapital.com/wp-content/uploads/2024/07/CICapitalLogo-En.png,,,,,,,,,,,,official_fund_profile_url|prospectus_url|factsheet_url|subscription_frequency|subscription_minimum|subscription_fee|redemption_frequency|redemption_fee|custodian|administrator|auditor|sponsor
bokra_shakmagia__bokra,Bokra Shakmagia,Bokra,known,7.1,LOW,NOT_STARTED,,,,,,,,,,,,,,official_fund_profile_url|manager_logo_url|prospectus_url|factsheet_url|subscription_frequency|subscription_minimum|subscription_fee|redemption_frequency|redemption_fee|custodian|administrator|auditor|sponsor
banque_misr_fund_i__ci_asset_management,Banque Misr Fund I,CI Asset Management,known,21.4,LOW,ENRICHED,,https://www.cicapital.com/wp-content/uploads/2024/07/CICapitalLogo-En.png,,https://www.cicapital.com/wp-content/uploads/2025/03/FactSheet-BankMisr1stFund-Feb2025-En.pdf,,,,,,,,,,official_fund_profile_url|prospectus_url|subscription_frequency|subscription_minimum|subscription_fee|redemption_frequency|redemption_fee|custodian|administrator|auditor|sponsor
ciam_6th_issue_the_quant__ci_asset_management,CIAM 6th Issue (The Quant),CI Asset Management,known,14.3,LOW,NOT_STARTED,,https://www.cicapital.com/wp-content/uploads/2024/07/CICapitalLogo-En.png,,,,,,,,,,,,official_fund_profile_url|prospectus_url|factsheet_url|subscription_frequency|subscription_minimum|subscription_fee|redemption_frequency|redemption_fee|custodian|administrator|auditor|sponsor
odin_4__x,Odin 4,,unknown,0.0,LOW,NOT_STARTED,,,,,,,,,,,,,,manager_name|official_fund_profile_url|manager_logo_url|prospectus_url|factsheet_url|subscription_frequency|subscription_minimum|subscription_fee|redemption_frequency|redemption_fee|custodian|administrator|auditor|sponsor
national_bank_of_kuwait_fund_namaa__nbk_capital_asset_management_egypt,National Bank of Kuwait Fund (Namaa),NBK Capital Asset Management Egypt,known,14.3,LOW,ENRICHED,https://www.nbk.com/egypt/financial-markets/investment/mutual-funds/namaa.html,,,,,,,,,,,,,manager_logo_url|prospectus_url|factsheet_url|subscription_frequency|subscription_minimum|subscription_fee|redemption_frequency|redemption_fee|custodian|administrator|auditor|sponsor
faisal_islamic_bank_of_egypt_fund__hermes_portfolio_and_fund_management,Faisal Islamic Bank of Egypt Fund,Hermes Portfolio and Fund Management,known,42.9,PARTIAL,PARTIAL,https://efgholding.com/en/our-services/mutual-funds/faisal,https://efgholding.com/uploads/logo_84cc2a9a06.svg,,https://efgholding.com/uploads/EN_FAISAL_Factsheet_Q2_2026_07fc8d8909.pdf,Weekly,,,Weekly,,,,,,prospectus_url|subscription_minimum|subscription_fee|redemption_fee|custodian|administrator|auditor|sponsor
sigma_traded_fund__x,Sigma Traded Fund,,unknown,0.0,LOW,NOT_STARTED,,,,,,,,,,,,,,manager_name|official_fund_profile_url|manager_logo_url|prospectus_url|factsheet_url|subscription_frequency|subscription_minimum|subscription_fee|redemption_frequency|redemption_fee|custodian|administrator|auditor|sponsor
mubasher_gold__mubasher_asset_management,Mubasher Gold,Mubasher Asset Management,known,7.1,LOW,NOT_STARTED,,,,,,,,,,,,,,official_fund_profile_url|manager_logo_url|prospectus_url|factsheet_url|subscription_frequency|subscription_minimum|subscription_fee|redemption_frequency|redemption_fee|custodian|administrator|auditor|sponsor
suez_canal_bank_fund_i__hc_securities_investment,Suez Canal Bank Fund I,HC Securities & Investment,known,7.1,LOW,NOT_STARTED,,,,,,,,,,,,,,official_fund_profile_url|manager_logo_url|prospectus_url|factsheet_url|subscription_frequency|subscription_minimum|subscription_fee|redemption_frequency|redemption_fee|custodian|administrator|auditor|sponsor
ni_capital_egx_70__ni_capital,NI Capital EGX 70,NI Capital,known,7.1,LOW,NOT_STARTED,,,,,,,,,,,,,,official_fund_profile_url|manager_logo_url|prospectus_url|factsheet_url|subscription_frequency|subscription_minimum|subscription_fee|redemption_frequency|redemption_fee|custodian|administrator|auditor|sponsor
zaldi_star_equity__zaldi_investments,Zaldi Star Equity,Zaldi Investments,known,7.1,LOW,NOT_STARTED,,,,,,,,,,,,,,official_fund_profile_url|manager_logo_url|prospectus_url|factsheet_url|subscription_frequency|subscription_minimum|subscription_fee|redemption_frequency|redemption_fee|custodian|administrator|auditor|sponsor
mid_bank_fund_ii__beltone_asset_management,MID Bank Fund II,Beltone Asset Management,known,14.3,LOW,NOT_STARTED,,https://www.beltoneholding.com/assets/logo-dark.svg,,,,,,,,,,,,official_fund_profile_url|prospectus_url|factsheet_url|subscription_frequency|subscription_minimum|subscription_fee|redemption_frequency|redemption_fee|custodian|administrator|auditor|sponsor
b_alpha__beltone_asset_management,B-Alpha,Beltone Asset Management,known,14.3,LOW,NOT_STARTED,,https://www.beltoneholding.com/assets/logo-dark.svg,,,,,,,,,,,,official_fund_profile_url|prospectus_url|factsheet_url|subscription_frequency|subscription_minimum|subscription_fee|redemption_frequency|redemption_fee|custodian|administrator|auditor|sponsor
thndr_gold__x,Thndr Gold,,unknown,0.0,LOW,NOT_STARTED,,,,,,,,,,,,,,manager_name|official_fund_profile_url|manager_logo_url|prospectus_url|factsheet_url|subscription_frequency|subscription_minimum|subscription_fee|redemption_frequency|redemption_fee|custodian|administrator|auditor|sponsor
saib_fund_iii_al_rabeh__hermes_portfolio_and_fund_management,SAIB Fund III (Al Rabeh),Hermes Portfolio and Fund Management,known,28.6,LOW,ENRICHED,https://efgholding.com/en/our-services/mutual-funds/saib,https://efgholding.com/uploads/logo_84cc2a9a06.svg,,https://efgholding.com/uploads/EN_SAIB_Factsheet_Q2_2026_7394a0a50f.pdf,,,,,,,,,,prospectus_url|subscription_frequency|subscription_minimum|subscription_fee|redemption_frequency|redemption_fee|custodian|administrator|auditor|sponsor
al_baraka_bank_egypt_al_barakat__hermes_portfolio_and_fund_management,Al Baraka Bank Egypt (Al Barakat),Hermes Portfolio and Fund Management,known,42.9,PARTIAL,PARTIAL,https://efgholding.com/en/our-services/mutual-funds/albarakat,https://efgholding.com/uploads/logo_84cc2a9a06.svg,,https://efgholding.com/uploads/EN_ALBARAKAT_Factsheet_Q2_2026_845fa2bbd7.pdf,Daily,,,Daily,,,,,,prospectus_url|subscription_minimum|subscription_fee|redemption_fee|custodian|administrator|auditor|sponsor
saib_yaumy_fund__beltone_asset_management,Saib (Yaumy Fund),Beltone Asset Management,known,14.3,LOW,NOT_STARTED,,https://www.beltoneholding.com/assets/logo-dark.svg,,,,,,,,,,,,official_fund_profile_url|prospectus_url|factsheet_url|subscription_frequency|subscription_minimum|subscription_fee|redemption_frequency|redemption_fee|custodian|administrator|auditor|sponsor
attijariwafa_bankfund__beltone_asset_management,Attijariwafa BankFund,Beltone Asset Management,known,14.3,LOW,NOT_STARTED,,https://www.beltoneholding.com/assets/logo-dark.svg,,,,,,,,,,,,official_fund_profile_url|prospectus_url|factsheet_url|subscription_frequency|subscription_minimum|subscription_fee|redemption_frequency|redemption_fee|custodian|administrator|auditor|sponsor
ciam_misr_shariah_equity__ci_asset_management,CIAM Misr Shariah Equity,CI Asset Management,known,14.3,LOW,NOT_STARTED,,https://www.cicapital.com/wp-content/uploads/2024/07/CICapitalLogo-En.png,,,,,,,,,,,,official_fund_profile_url|prospectus_url|factsheet_url|subscription_frequency|subscription_minimum|subscription_fee|redemption_frequency|redemption_fee|custodian|administrator|auditor|sponsor
housing_development_bank_al_tameer__arab_african_investment_management,Housing & Development Bank ( AL Tameer),Arab African Investment Management,known,78.6,HIGH,HIGH,https://aaim.com.eg/en/what-we-offer/funds/al-tameer,,https://aaim.com.eg/en/file/401/55f61d8e/Al+Tameer+Prospectus.pdf,https://aaim.com.eg/en/file/502/3d93e336/Tameer+%281%29.pdf,Weekly,,0.5%,Weekly,0.25%,HDBK,Prime Management Services,,HDBK,manager_logo_url|subscription_minimum|auditor
the_charitable_education_fund__ni_capital,The charitable education Fund,NI Capital,known,7.1,LOW,NOT_STARTED,,,,,,,,,,,,,,official_fund_profile_url|manager_logo_url|prospectus_url|factsheet_url|subscription_frequency|subscription_minimum|subscription_fee|redemption_frequency|redemption_fee|custodian|administrator|auditor|sponsor
ciam_misr_equity__ci_asset_management,CIAM Misr Equity,CI Asset Management,known,57.1,PARTIAL,PARTIAL,,https://www.cicapital.com/wp-content/uploads/2024/07/CICapitalLogo-En.png,,https://www.cicapital.com/wp-content/uploads/2025/03/FactSheet-CIAMMisrEquity-Jan2025-En.pdf,Daily,1 investment certificate,0.0%,Daily,0.0%,,,,,official_fund_profile_url|prospectus_url|custodian|administrator|auditor|sponsor
iskan_insurance__arab_african_investment_management,Iskan Insurance,Arab African Investment Management,known,78.6,HIGH,HIGH,https://aaim.com.eg/en/what-we-offer/funds/iskan,,https://aaim.com.eg/en/file/407/313d096a/Iskan+Prospectus.PDF,,Daily,10,Free,Daily,Free,Ahli United Bank,Catalyst,,Iskan Insurance Co.,manager_logo_url|factsheet_url|auditor
fab_misr_al_awal__hc_securities_investment,Fab Misr (Al Awal),HC Securities & Investment,known,7.1,LOW,NOT_STARTED,,,,,,,,,,,,,,official_fund_profile_url|manager_logo_url|prospectus_url|factsheet_url|subscription_frequency|subscription_minimum|subscription_fee|redemption_frequency|redemption_fee|custodian|administrator|auditor|sponsor
delta_life_insurance__x,Delta Life Insurance,,unknown,0.0,LOW,NOT_STARTED,,,,,,,,,,,,,,manager_name|official_fund_profile_url|manager_logo_url|prospectus_url|factsheet_url|subscription_frequency|subscription_minimum|subscription_fee|redemption_frequency|redemption_fee|custodian|administrator|auditor|sponsor
sabayek__beltone_asset_management,Sabayek,Beltone Asset Management,known,14.3,LOW,NOT_STARTED,,https://www.beltoneholding.com/assets/logo-dark.svg,,,,,,,,,,,,official_fund_profile_url|prospectus_url|factsheet_url|subscription_frequency|subscription_minimum|subscription_fee|redemption_frequency|redemption_fee|custodian|administrator|auditor|sponsor
cib_thabat__ci_asset_management,CIB (Thabat),CI Asset Management,known,21.4,LOW,ENRICHED,,https://www.cicapital.com/wp-content/uploads/2024/07/CICapitalLogo-En.png,,https://www.cicapital.com/wp-content/uploads/2025/03/FactSheet-CIBThabat-Feb2025-En.pdf,,,,,,,,,,official_fund_profile_url|prospectus_url|subscription_frequency|subscription_minimum|subscription_fee|redemption_frequency|redemption_fee|custodian|administrator|auditor|sponsor
misr_life_insurance_fund__ci_asset_management,Misr Life Insurance Fund,CI Asset Management,known,14.3,LOW,NOT_STARTED,,https://www.cicapital.com/wp-content/uploads/2024/07/CICapitalLogo-En.png,,,,,,,,,,,,official_fund_profile_url|prospectus_url|factsheet_url|subscription_frequency|subscription_minimum|subscription_fee|redemption_frequency|redemption_fee|custodian|administrator|auditor|sponsor
cib_fund_takamol__ci_asset_management,CIB Fund (Takamol),CI Asset Management,known,14.3,LOW,NOT_STARTED,,https://www.cicapital.com/wp-content/uploads/2024/07/CICapitalLogo-En.png,,,,,,,,,,,,official_fund_profile_url|prospectus_url|factsheet_url|subscription_frequency|subscription_minimum|subscription_fee|redemption_frequency|redemption_fee|custodian|administrator|auditor|sponsor
alexbank_fund_iii__hermes_portfolio_and_fund_management,ALEXBANK Fund III,Hermes Portfolio and Fund Management,known,50.0,PARTIAL,PARTIAL,https://efgholding.com/en/our-services/mutual-funds/boa-mmf,https://efgholding.com/uploads/logo_84cc2a9a06.svg,,https://efgholding.com/uploads/EN_BOA_MMF_Factsheet_Q2_2026_a340905470.pdf,Daily,100 investment certificates,,Daily,,,,,,prospectus_url|subscription_fee|redemption_fee|custodian|administrator|auditor|sponsor
hermes_gold__hermes_portfolio_and_fund_management,Hermes Gold,Hermes Portfolio and Fund Management,known,28.6,LOW,ENRICHED,https://efgholding.com/en/our-services/mutual-funds/GOLD,https://efgholding.com/uploads/logo_84cc2a9a06.svg,https://efgholding.com/uploads/EN_GOLD_Prospectus_2025_c42ac1e119.pdf,,,,,,,,,,,factsheet_url|subscription_frequency|subscription_minimum|subscription_fee|redemption_frequency|redemption_fee|custodian|administrator|auditor|sponsor
b_youmy__beltone_asset_management,B-Youmy,Beltone Asset Management,known,14.3,LOW,NOT_STARTED,,https://www.beltoneholding.com/assets/logo-dark.svg,,,,,,,,,,,,official_fund_profile_url|prospectus_url|factsheet_url|subscription_frequency|subscription_minimum|subscription_fee|redemption_frequency|redemption_fee|custodian|administrator|auditor|sponsor
alexbank_fund_i__hermes_portfolio_and_fund_management,ALEXBANK Fund I,Hermes Portfolio and Fund Management,known,50.0,PARTIAL,PARTIAL,https://efgholding.com/en/our-services/mutual-funds/boafund,https://efgholding.com/uploads/logo_84cc2a9a06.svg,,https://efgholding.com/uploads/EN_BOAFUND_Factsheet_Q2_2026_cc5f42206f.pdf,Weekly,10 investment certificates,,Weekly,,,,,,prospectus_url|subscription_fee|redemption_fee|custodian|administrator|auditor|sponsor
gosour_equity__arab_african_investment_management,Gosour Equity,Arab African Investment Management,known,71.4,HIGH,HIGH,https://aaim.com.eg/en/what-we-offer/funds/gosour,,,,Daily,10,Free,Daily,Free,KFH,Catalyst,,Mega Investment/EgyptAir Holding Company Fund/The Suez Canal Authority Fund,manager_logo_url|prospectus_url|factsheet_url|auditor
menthum_grow_egx_30_capped__beltone_asset_management,Menthum Grow EGX 30 Capped,Beltone Asset Management,known,14.3,LOW,NOT_STARTED,,https://www.beltoneholding.com/assets/logo-dark.svg,,,,,,,,,,,,official_fund_profile_url|prospectus_url|factsheet_url|subscription_frequency|subscription_minimum|subscription_fee|redemption_frequency|redemption_fee|custodian|administrator|auditor|sponsor
bank_nxt_fund_ii_helal__hermes_portfolio_and_fund_management,Bank Nxt Fund II (Helal),Hermes Portfolio and Fund Management,known,42.9,PARTIAL,PARTIAL,https://efgholding.com/en/our-services/mutual-funds/HELAL,https://efgholding.com/uploads/logo_84cc2a9a06.svg,,https://efgholding.com/uploads/EN_Helal_Factsheet_Q2_2026_f60ad79f57.pdf,Weekly,,,Weekly,,,,,,prospectus_url|subscription_minimum|subscription_fee|redemption_fee|custodian|administrator|auditor|sponsor
ciam_8th_issue_ipos__ci_asset_management,CIAM 8th Issue (IPOs),CI Asset Management,known,14.3,LOW,NOT_STARTED,,https://www.cicapital.com/wp-content/uploads/2024/07/CICapitalLogo-En.png,,,,,,,,,,,,official_fund_profile_url|prospectus_url|factsheet_url|subscription_frequency|subscription_minimum|subscription_fee|redemption_frequency|redemption_fee|custodian|administrator|auditor|sponsor
aaib_gozoor__arab_african_investment_management,AAIB (Gozoor),Arab African Investment Management,known,85.7,COMPLETE,COMPLETE,https://aaim.com.eg/en/what-we-offer/funds/gozoor,,https://aaim.com.eg/en/file/405/1c2ed1b5/Gozoor+Prospectus.PDF,https://aaim.com.eg/en/file/497/f0add81f/Gozoor+%281%29.pdf,Daily,100,Free,Weekly,Free,Blom Bank,Catalyst,,AAIB,manager_logo_url|auditor
ciam_esg__ci_asset_management,CIAM ESG,CI Asset Management,known,14.3,LOW,NOT_STARTED,,https://www.cicapital.com/wp-content/uploads/2024/07/CICapitalLogo-En.png,,,,,,,,,,,,official_fund_profile_url|prospectus_url|factsheet_url|subscription_frequency|subscription_minimum|subscription_fee|redemption_frequency|redemption_fee|custodian|administrator|auditor|sponsor
sarwa_life_insurance_fund__ci_asset_management,Sarwa Life Insurance Fund,CI Asset Management,known,14.3,LOW,NOT_STARTED,,https://www.cicapital.com/wp-content/uploads/2024/07/CICapitalLogo-En.png,,,,,,,,,,,,official_fund_profile_url|prospectus_url|factsheet_url|subscription_frequency|subscription_minimum|subscription_fee|redemption_frequency|redemption_fee|custodian|administrator|auditor|sponsor
ciam__ci_asset_management,CIAM ($),CI Asset Management,known,14.3,LOW,NOT_STARTED,,https://www.cicapital.com/wp-content/uploads/2024/07/CICapitalLogo-En.png,,,,,,,,,,,,official_fund_profile_url|prospectus_url|factsheet_url|subscription_frequency|subscription_minimum|subscription_fee|redemption_frequency|redemption_fee|custodian|administrator|auditor|sponsor
egx30_index_etf_egx30_index_etf__beltone_asset_management,EGX30 Index ETF- EGX30 Index ETF,Beltone Asset Management,known,14.3,LOW,NOT_STARTED,,https://www.beltoneholding.com/assets/logo-dark.svg,,,,,,,,,,,,official_fund_profile_url|prospectus_url|factsheet_url|subscription_frequency|subscription_minimum|subscription_fee|redemption_frequency|redemption_fee|custodian|administrator|auditor|sponsor
kenoz_egx33_shariah_index_tracker_shariah__arab_african_investment_management,Kenoz EGX33 Shariah Index Tracker – Shariah,Arab African Investment Management,known,85.7,COMPLETE,COMPLETE,https://aaim.com.eg/en/what-we-offer/funds/kenz-shariah,,https://aaim.com.eg/en/file/410/f287c401/Kenz+Shariaah+Prospectus.PDF,https://aaim.com.eg/en/file/501/104177a8/Kenz+Sharia+%281%29.pdf,Daily,10,Free,Daily,Free,HDBK,Catalyst,,AAIH,manager_logo_url|auditor
bank_nxt_fund_i__hermes_portfolio_and_fund_management,Bank Nxt Fund I,Hermes Portfolio and Fund Management,known,50.0,PARTIAL,PARTIAL,https://efgholding.com/en/our-services/mutual-funds/NXT-mmf,https://efgholding.com/uploads/logo_84cc2a9a06.svg,,https://efgholding.com/uploads/EN_NXT_MMF_Factsheet_Q2_2026_6aa6df192a.pdf,Daily,100 investment certificates,,Daily,,,,,,prospectus_url|subscription_fee|redemption_fee|custodian|administrator|auditor|sponsor
manasek__hermes_portfolio_and_fund_management,Manasek,Hermes Portfolio and Fund Management,known,28.6,LOW,ENRICHED,https://efgholding.com/en/our-services/mutual-funds/MANASEK,https://efgholding.com/uploads/logo_84cc2a9a06.svg,https://efgholding.com/uploads/EN_Manasek_Prospectus_2025_90f27ba11a.pdf,,,,,,,,,,,factsheet_url|subscription_frequency|subscription_minimum|subscription_fee|redemption_frequency|redemption_fee|custodian|administrator|auditor|sponsor
b70_egx_70_tracker__beltone_asset_management,B70- EGX 70 Tracker,Beltone Asset Management,known,14.3,LOW,NOT_STARTED,,https://www.beltoneholding.com/assets/logo-dark.svg,,,,,,,,,,,,official_fund_profile_url|prospectus_url|factsheet_url|subscription_frequency|subscription_minimum|subscription_fee|redemption_frequency|redemption_fee|custodian|administrator|auditor|sponsor
blom_bank_fund_ii__cfh_asset_management,Blom Bank Fund II,CFH Asset Management,known,7.1,LOW,NOT_STARTED,,,,,,,,,,,,,,official_fund_profile_url|manager_logo_url|prospectus_url|factsheet_url|subscription_frequency|subscription_minimum|subscription_fee|redemption_frequency|redemption_fee|custodian|administrator|auditor|sponsor
misr_takaful__arab_african_investment_management,Misr Takaful,Arab African Investment Management,known,78.6,HIGH,HIGH,https://aaim.com.eg/en/what-we-offer/funds/misr-takaful,,https://aaim.com.eg/en/file/412/c807c852/Misr+Takaful+Prospectus.PDF,,Daily,10,Free,Daily,Free,Ahli United Bank,Catalyst,,Misr Takaful Insurance Co.,manager_logo_url|factsheet_url|auditor
ni_capital_sahmy_fund__ni_capital,NI Capital (Sahmy Fund),NI Capital,known,7.1,LOW,NOT_STARTED,,,,,,,,,,,,,,official_fund_profile_url|manager_logo_url|prospectus_url|factsheet_url|subscription_frequency|subscription_minimum|subscription_fee|redemption_frequency|redemption_fee|custodian|administrator|auditor|sponsor
emirates_nbd_mazid__hermes_portfolio_and_fund_management,Emirates NBD (Mazid),Hermes Portfolio and Fund Management,known,50.0,PARTIAL,PARTIAL,https://efgholding.com/en/our-services/mutual-funds/mazid,https://efgholding.com/uploads/logo_84cc2a9a06.svg,,https://efgholding.com/uploads/EN_MAZID_Factsheet_Q2_2026_1cbb6a22ab.pdf,Daily,100 investment certificates,,Daily,,,,,,prospectus_url|subscription_fee|redemption_fee|custodian|administrator|auditor|sponsor
menthum_usd__ci_asset_management,Menthum USD $,CI Asset Management,known,14.3,LOW,NOT_STARTED,,https://www.cicapital.com/wp-content/uploads/2024/07/CICapitalLogo-En.png,,,,,,,,,,,,official_fund_profile_url|prospectus_url|factsheet_url|subscription_frequency|subscription_minimum|subscription_fee|redemption_frequency|redemption_fee|custodian|administrator|auditor|sponsor
bank_abc_fund_mazaya__beltone_asset_management,Bank ABC Fund (Mazaya),Beltone Asset Management,known,14.3,LOW,NOT_STARTED,,https://www.beltoneholding.com/assets/logo-dark.svg,,,,,,,,,,,,official_fund_profile_url|prospectus_url|factsheet_url|subscription_frequency|subscription_minimum|subscription_fee|redemption_frequency|redemption_fee|custodian|administrator|auditor|sponsor
b_secure__beltone_asset_management,B-Secure,Beltone Asset Management,known,14.3,LOW,NOT_STARTED,,https://www.beltoneholding.com/assets/logo-dark.svg,,,,,,,,,,,,official_fund_profile_url|prospectus_url|factsheet_url|subscription_frequency|subscription_minimum|subscription_fee|redemption_frequency|redemption_fee|custodian|administrator|auditor|sponsor
national_bank_of_kuwait_al_mizan__nbk_capital_asset_management_egypt,*National Bank of Kuwait (Al Mizan),NBK Capital Asset Management Egypt,known,14.3,LOW,ENRICHED,https://www.nbk.com/egypt/financial-markets/investment/mutual-funds/mizan.html,,,,,,,,,,,,,manager_logo_url|prospectus_url|factsheet_url|subscription_frequency|subscription_minimum|subscription_fee|redemption_frequency|redemption_fee|custodian|administrator|auditor|sponsor
hermes_equity__hermes_portfolio_and_fund_management,Hermes Equity,Hermes Portfolio and Fund Management,known,42.9,PARTIAL,PARTIAL,https://efgholding.com/en/our-services/mutual-funds/EFG-Hermes-EQ,https://efgholding.com/uploads/logo_84cc2a9a06.svg,,https://efgholding.com/uploads/EN_EFG_Hermes_EQ_Factsheet_Q2_2026_3581bda1c3.pdf,Weekly,,,Weekly,,,,,,prospectus_url|subscription_minimum|subscription_fee|redemption_fee|custodian|administrator|auditor|sponsor
cib_fund_ii_istthmar__ci_asset_management,CIB Fund II (Istthmar),CI Asset Management,known,57.1,PARTIAL,PARTIAL,,https://www.cicapital.com/wp-content/uploads/2024/07/CICapitalLogo-En.png,,https://www.cicapital.com/wp-content/uploads/2025/03/FactSheet-CIBIstithmar-Feb2025-En.pdf,Daily except last working day,1 investment certificate,0.25%,Weekly on the first working day,0%,,,,,official_fund_profile_url|prospectus_url|custodian|administrator|auditor|sponsor
egyptian_gulf_bank_fund_i__hermes_portfolio_and_fund_management,Egyptian Gulf Bank Fund I,Hermes Portfolio and Fund Management,known,50.0,PARTIAL,PARTIAL,https://efgholding.com/en/our-services/mutual-funds/EGB1,https://efgholding.com/uploads/logo_84cc2a9a06.svg,,https://efgholding.com/uploads/EN_EGB_1_Factsheet_Q2_2026_77f0f84e05.pdf,Weekly,10 investment certificates,,Weekly,,,,,,prospectus_url|subscription_fee|redemption_fee|custodian|administrator|auditor|sponsor
banque_misr_fund_iii__ci_asset_management,Banque Misr Fund III,CI Asset Management,known,28.6,LOW,ENRICHED,,https://www.cicapital.com/wp-content/uploads/2024/07/CICapitalLogo-En.png,,https://www.cicapital.com/wp-content/uploads/2025/03/FactSheet-BankMisr3rdFund-Feb2025-Ar.pdf,,,,,,,,محمد الضحاوى و شركاه,,official_fund_profile_url|prospectus_url|subscription_frequency|subscription_minimum|subscription_fee|redemption_frequency|redemption_fee|custodian|administrator|sponsor
ciam_3rd_issue_export__ci_asset_management,CIAM 3rd Issue (Export),CI Asset Management,known,14.3,LOW,NOT_STARTED,,https://www.cicapital.com/wp-content/uploads/2024/07/CICapitalLogo-En.png,,,,,,,,,,,,official_fund_profile_url|prospectus_url|factsheet_url|subscription_frequency|subscription_minimum|subscription_fee|redemption_frequency|redemption_fee|custodian|administrator|auditor|sponsor
national_bank_of_kuwait_hayat__nbk_capital_asset_management_egypt,National Bank of Kuwait (Hayat),NBK Capital Asset Management Egypt,known,14.3,LOW,ENRICHED,https://www.nbk.com/egypt/financial-markets/investment/mutual-funds/al-hayah.html,,,,,,,,,,,,,manager_logo_url|prospectus_url|factsheet_url|subscription_frequency|subscription_minimum|subscription_fee|redemption_frequency|redemption_fee|custodian|administrator|auditor|sponsor
gig_insurance_egypt_fund_i__pfi_asset_management,GIG Insurance - Egypt Fund I,PFI Asset Management,known,7.1,LOW,NOT_STARTED,,,,,,,,,,,,,,official_fund_profile_url|manager_logo_url|prospectus_url|factsheet_url|subscription_frequency|subscription_minimum|subscription_fee|redemption_frequency|redemption_fee|custodian|administrator|auditor|sponsor
alexbank_fund_ii__hermes_portfolio_and_fund_management,ALEXBANK Fund II,Hermes Portfolio and Fund Management,known,50.0,PARTIAL,PARTIAL,https://efgholding.com/en/our-services/mutual-funds/BOA_FI,https://efgholding.com/uploads/logo_84cc2a9a06.svg,,https://efgholding.com/uploads/EN_BOA_FI_Factsheet_Q2_2026_ba753a0bdb.pdf,Daily,100 investment certificates,,Daily,,,,,,prospectus_url|subscription_fee|redemption_fee|custodian|administrator|auditor|sponsor
cib_fund_iv_hamaya__ci_asset_management,CIB Fund IV (Hamaya),CI Asset Management,known,57.1,PARTIAL,PARTIAL,,https://www.cicapital.com/wp-content/uploads/2024/07/CICapitalLogo-En.png,,https://www.cicapital.com/wp-content/uploads/2025/03/FactSheet-CIBHemaya-Feb2025-En.pdf,Monthly on the last 5 working days,1 investment certificate,0.25%,Monthly on the last 5 working days,0%,,,,,official_fund_profile_url|prospectus_url|custodian|administrator|auditor|sponsor
credit_agricole_egypt_fund_iii__hermes_portfolio_and_fund_management,Credit Agricole Egypt Fund III,Hermes Portfolio and Fund Management,known,50.0,PARTIAL,PARTIAL,https://efgholding.com/en/our-services/mutual-funds/ca-mmf,https://efgholding.com/uploads/logo_84cc2a9a06.svg,,https://efgholding.com/uploads/EN_CA_MMF_Factsheet_Q2_2026_3e3b7e7789.pdf,Daily,100 investment certificates,,Daily,,,,,,prospectus_url|subscription_fee|redemption_fee|custodian|administrator|auditor|sponsor
al_baraka_bank_egypt__hermes_portfolio_and_fund_management,Al Baraka Bank Egypt,Hermes Portfolio and Fund Management,known,14.3,LOW,NOT_STARTED,,https://efgholding.com/uploads/logo_84cc2a9a06.svg,,,,,,,,,,,,official_fund_profile_url|prospectus_url|factsheet_url|subscription_frequency|subscription_minimum|subscription_fee|redemption_frequency|redemption_fee|custodian|administrator|auditor|sponsor
national_bank_of_egypt_viii__x,National Bank of Egypt VIII,Al Ahly Financial Investments Management,known,7.1,LOW,NOT_STARTED,,,,,,,,,,,,,,official_fund_profile_url|manager_logo_url|prospectus_url|factsheet_url|subscription_frequency|subscription_minimum|subscription_fee|redemption_frequency|redemption_fee|custodian|administrator|auditor|sponsor
arab_african_international_bank_juman__arab_african_investment_management,Arab African International Bank (Juman),Arab African Investment Management,known,85.7,COMPLETE,COMPLETE,https://aaim.com.eg/en/what-we-offer/funds/juman,,https://aaim.com.eg/en/file/408/3ec501fa/Juman+Prospectus.PDF,https://aaim.com.eg/en/file/496/ecfde56e/Juman+%281%29.pdf,Daily,100,Free,Daily,Free,Misrbank,Catalyst,,AAIB,manager_logo_url|auditor
momentum__cfh_asset_management,Momentum,CFH Asset Management,known,7.1,LOW,NOT_STARTED,,,,,,,,,,,,,,official_fund_profile_url|manager_logo_url|prospectus_url|factsheet_url|subscription_frequency|subscription_minimum|subscription_fee|redemption_frequency|redemption_fee|custodian|administrator|auditor|sponsor
ciam_2nd_issue_technology__ci_asset_management,CIAM 2nd Issue (Technology),CI Asset Management,known,14.3,LOW,NOT_STARTED,,https://www.cicapital.com/wp-content/uploads/2024/07/CICapitalLogo-En.png,,,,,,,,,,,,official_fund_profile_url|prospectus_url|factsheet_url|subscription_frequency|subscription_minimum|subscription_fee|redemption_frequency|redemption_fee|custodian|administrator|auditor|sponsor
pfi_cashi__pfi_asset_management,PFI Cashi,PFI Asset Management,known,7.1,LOW,NOT_STARTED,,,,,,,,,,,,,,official_fund_profile_url|manager_logo_url|prospectus_url|factsheet_url|subscription_frequency|subscription_minimum|subscription_fee|redemption_frequency|redemption_fee|custodian|administrator|auditor|sponsor
hermes_fixed_income_usd_fund__hermes_portfolio_and_fund_management,Hermes Fixed Income USD Fund,Hermes Portfolio and Fund Management,known,28.6,LOW,ENRICHED,https://efgholding.com/en/our-services/mutual-funds/EFG-Hermes-FI-USD,https://efgholding.com/uploads/logo_84cc2a9a06.svg,,https://efgholding.com/uploads/EN_EFG_Hermes_FI_USD_Factsheet_Q2_2026_b94c2dc2d5.pdf,,,,,,,,,,prospectus_url|subscription_frequency|subscription_minimum|subscription_fee|redemption_frequency|redemption_fee|custodian|administrator|auditor|sponsor
beltone_fada__beltone_asset_management,Beltone Fada,Beltone Asset Management,known,14.3,LOW,NOT_STARTED,,https://www.beltoneholding.com/assets/logo-dark.svg,,,,,,,,,,,,official_fund_profile_url|prospectus_url|factsheet_url|subscription_frequency|subscription_minimum|subscription_fee|redemption_frequency|redemption_fee|custodian|administrator|auditor|sponsor
dahab__x,Dahab,Al Ahly Financial Investments Management,known,7.1,LOW,NOT_STARTED,,,,,,,,,,,,,,official_fund_profile_url|manager_logo_url|prospectus_url|factsheet_url|subscription_frequency|subscription_minimum|subscription_fee|redemption_frequency|redemption_fee|custodian|administrator|auditor|sponsor
granite_first_fund__granite_fund_management,Granite First Fund,Granite Fund Management,known,7.1,LOW,NOT_STARTED,,,,,,,,,,,,,,official_fund_profile_url|manager_logo_url|prospectus_url|factsheet_url|subscription_frequency|subscription_minimum|subscription_fee|redemption_frequency|redemption_fee|custodian|administrator|auditor|sponsor
al_ahli_bank_of_kuwait_egypt_fund_i__sigma_asset_management,Al Ahli Bank of Kuwait - Egypt Fund I,Sigma Asset Management,known,7.1,LOW,NOT_STARTED,,,,,,,,,,,,,,official_fund_profile_url|manager_logo_url|prospectus_url|factsheet_url|subscription_frequency|subscription_minimum|subscription_fee|redemption_frequency|redemption_fee|custodian|administrator|auditor|sponsor
fawry__ci_asset_management,Fawry,CI Asset Management,known,14.3,LOW,NOT_STARTED,,https://www.cicapital.com/wp-content/uploads/2024/07/CICapitalLogo-En.png,,,,,,,,,,,,official_fund_profile_url|prospectus_url|factsheet_url|subscription_frequency|subscription_minimum|subscription_fee|redemption_frequency|redemption_fee|custodian|administrator|auditor|sponsor
sarwaty__arab_african_investment_management,Sarwaty*,Arab African Investment Management,known,71.4,HIGH,HIGH,https://aaim.com.eg/en/what-we-offer/funds/sarwaty,,,,Daily,100,Free,Daily,Free,Banque du Caire,ServFund,,Civil Aviation Financial Holding company,manager_logo_url|prospectus_url|factsheet_url|auditor
national_bank_of_egypt_fund_v__x,National Bank of Egypt Fund V,Al Ahly Financial Investments Management,known,7.1,LOW,NOT_STARTED,,,,,,,,,,,,,,official_fund_profile_url|manager_logo_url|prospectus_url|factsheet_url|subscription_frequency|subscription_minimum|subscription_fee|redemption_frequency|redemption_fee|custodian|administrator|auditor|sponsor
mubasher_silver__mubasher_asset_management,Mubasher Silver,Mubasher Asset Management,known,7.1,LOW,NOT_STARTED,,,,,,,,,,,,,,official_fund_profile_url|manager_logo_url|prospectus_url|factsheet_url|subscription_frequency|subscription_minimum|subscription_fee|redemption_frequency|redemption_fee|custodian|administrator|auditor|sponsor
pharos_fund_i__pharos_asset_management,Pharos Fund I,Pharos Asset Management,known,7.1,LOW,NOT_STARTED,,,,,,,,,,,,,,official_fund_profile_url|manager_logo_url|prospectus_url|factsheet_url|subscription_frequency|subscription_minimum|subscription_fee|redemption_frequency|redemption_fee|custodian|administrator|auditor|sponsor
credit_agricole_egypt_fund_ii__hermes_portfolio_and_fund_management,Credit Agricole Egypt Fund II,Hermes Portfolio and Fund Management,known,50.0,PARTIAL,PARTIAL,https://efgholding.com/en/our-services/mutual-funds/CA-2,https://efgholding.com/uploads/logo_84cc2a9a06.svg,,https://efgholding.com/uploads/EN_CA_2_Factsheet_Q2_2026_82b7059aa5.pdf,Weekly,5 investment certificates,,Weekly,,,,,,prospectus_url|subscription_fee|redemption_fee|custodian|administrator|auditor|sponsor
misr_money_market__ci_asset_management,Misr Money Market ($),CI Asset Management,known,42.9,PARTIAL,PARTIAL,,https://www.cicapital.com/wp-content/uploads/2024/07/CICapitalLogo-En.png,,https://www.cicapital.com/wp-content/uploads/2025/03/FactSheet-BankMisrMMFund-USD-Feb2025-En.pdf,Daily,,,Daily,,,,Baker Tilly,,official_fund_profile_url|prospectus_url|subscription_minimum|subscription_fee|redemption_fee|custodian|administrator|sponsor
hermes__hermes_portfolio_and_fund_management,Hermes,Hermes Portfolio and Fund Management,known,42.9,PARTIAL,PARTIAL,https://efgholding.com/en/our-services/mutual-funds/EFG-Hermes-MM,https://efgholding.com/uploads/logo_84cc2a9a06.svg,,https://efgholding.com/uploads/EN_EFG_Hermes_MM_Factsheet_Q2_2026_91de05e44b.pdf,Daily,,,Daily,,,,,,prospectus_url|subscription_minimum|subscription_fee|redemption_fee|custodian|administrator|auditor|sponsor
gig_makaseb_fund_first_tranche__ni_capital,GIG Makaseb Fund First Tranche,NI Capital,known,7.1,LOW,NOT_STARTED,,,,,,,,,,,,,,official_fund_profile_url|manager_logo_url|prospectus_url|factsheet_url|subscription_frequency|subscription_minimum|subscription_fee|redemption_frequency|redemption_fee|custodian|administrator|auditor|sponsor
aspire_rawajj__x,Aspire Rawajj,,unknown,0.0,LOW,NOT_STARTED,,,,,,,,,,,,,,manager_name|official_fund_profile_url|manager_logo_url|prospectus_url|factsheet_url|subscription_frequency|subscription_minimum|subscription_fee|redemption_frequency|redemption_fee|custodian|administrator|auditor|sponsor
al_baraka_bank_egypt_al_motawazen__x,Al Baraka Bank Egypt (Al Motawazen),,unknown,0.0,LOW,NOT_STARTED,,,,,,,,,,,,,,manager_name|official_fund_profile_url|manager_logo_url|prospectus_url|factsheet_url|subscription_frequency|subscription_minimum|subscription_fee|redemption_frequency|redemption_fee|custodian|administrator|auditor|sponsor
beltone_industrial_fund__beltone_asset_management,Beltone Industrial Fund,Beltone Asset Management,known,14.3,LOW,NOT_STARTED,,https://www.beltoneholding.com/assets/logo-dark.svg,,,,,,,,,,,,official_fund_profile_url|prospectus_url|factsheet_url|subscription_frequency|subscription_minimum|subscription_fee|redemption_frequency|redemption_fee|custodian|administrator|auditor|sponsor
misr_capital_guaranteed_al_omr__ci_asset_management,Misr Capital Guaranteed (Al Omr),CI Asset Management,known,28.6,LOW,ENRICHED,,https://www.cicapital.com/wp-content/uploads/2024/07/CICapitalLogo-En.png,,https://www.cicapital.com/wp-content/uploads/2025/03/FactSheet-BankMisr5thFund-Feb2025-Ar.pdf,,,,,,,,PKF-راشد و بدر و شركائهم,,official_fund_profile_url|prospectus_url|subscription_frequency|subscription_minimum|subscription_fee|redemption_frequency|redemption_fee|custodian|administrator|sponsor
sports_fund__beltone_asset_management,Sports Fund,Beltone Asset Management,known,14.3,LOW,NOT_STARTED,,https://www.beltoneholding.com/assets/logo-dark.svg,,,,,,,,,,,,official_fund_profile_url|prospectus_url|factsheet_url|subscription_frequency|subscription_minimum|subscription_fee|redemption_frequency|redemption_fee|custodian|administrator|auditor|sponsor
fab_misr_modkharaty__hermes_portfolio_and_fund_management,FAB Misr (Modkharaty),Hermes Portfolio and Fund Management,known,50.0,PARTIAL,PARTIAL,https://efgholding.com/en/our-services/mutual-funds/fab-mmf,https://efgholding.com/uploads/logo_84cc2a9a06.svg,,https://efgholding.com/uploads/EN_FAB_MMF_Factsheet_Q2_2026_fe64c49dc3.pdf,Daily,100 investment certificates,,Daily,,,,,,prospectus_url|subscription_fee|redemption_fee|custodian|administrator|auditor|sponsor
gig_insurance__pfi_asset_management,GIG Insurance,PFI Asset Management,known,7.1,LOW,NOT_STARTED,,,,,,,,,,,,,,official_fund_profile_url|manager_logo_url|prospectus_url|factsheet_url|subscription_frequency|subscription_minimum|subscription_fee|redemption_frequency|redemption_fee|custodian|administrator|auditor|sponsor
banque_du_caire_fund_i__hermes_portfolio_and_fund_management,Banque Du Caire Fund I,Hermes Portfolio and Fund Management,known,42.9,PARTIAL,PARTIAL,https://efgholding.com/en/our-services/mutual-funds/cairo1,https://efgholding.com/uploads/logo_84cc2a9a06.svg,,https://efgholding.com/uploads/EN_CAIRO_1_Factsheet_Q2_2026_9137777ef7.pdf,Weekly,,,Weekly,,,,,,prospectus_url|subscription_minimum|subscription_fee|redemption_fee|custodian|administrator|auditor|sponsor
banque_misr_fund_ii__ci_asset_management,Banque Misr Fund II,CI Asset Management,known,28.6,LOW,ENRICHED,,https://www.cicapital.com/wp-content/uploads/2024/07/CICapitalLogo-En.png,,https://www.cicapital.com/wp-content/uploads/2025/03/FactSheet-BankMisr2ndFund-Jan2025-Ar.pdf,,,,,,,,محمد الضحاوى و شركاه,,official_fund_profile_url|prospectus_url|subscription_frequency|subscription_minimum|subscription_fee|redemption_frequency|redemption_fee|custodian|administrator|sponsor
misr_insurance_istithmar_and_aman__arab_african_investment_management,Misr Insurance (Istithmar and Aman),Arab African Investment Management,known,78.6,HIGH,HIGH,https://aaim.com.eg/en/what-we-offer/funds/istsmar-w-aman,,https://aaim.com.eg/en/file/411/03266875/Misr+Inurance+Istsmar+w+aman+Prospectus.PDF,,Daily,50,Free,Daily,Free,Banque du Caire,ServFund,,Misr Insurance Co.,manager_logo_url|factsheet_url|auditor
siula_money_market__ni_capital,Siula Money Market,NI Capital,known,7.1,LOW,NOT_STARTED,,,,,,,,,,,,,,official_fund_profile_url|manager_logo_url|prospectus_url|factsheet_url|subscription_frequency|subscription_minimum|subscription_fee|redemption_frequency|redemption_fee|custodian|administrator|auditor|sponsor
pioneers_fund_i__x,Pioneers Fund I,,unknown,0.0,LOW,NOT_STARTED,,,,,,,,,,,,,,manager_name|official_fund_profile_url|manager_logo_url|prospectus_url|factsheet_url|subscription_frequency|subscription_minimum|subscription_fee|redemption_frequency|redemption_fee|custodian|administrator|auditor|sponsor
banque_du_caire_fund_ii__beltone_asset_management,Banque Du Caire Fund II,Beltone Asset Management,known,14.3,LOW,NOT_STARTED,,https://www.beltoneholding.com/assets/logo-dark.svg,,,,,,,,,,,,official_fund_profile_url|prospectus_url|factsheet_url|subscription_frequency|subscription_minimum|subscription_fee|redemption_frequency|redemption_fee|custodian|administrator|auditor|sponsor
fanar__arab_african_investment_management,Fanar,Arab African Investment Management,known,85.7,COMPLETE,COMPLETE,https://aaim.com.eg/en/what-we-offer/funds/elfanar,,https://aaim.com.eg/en/file/404/2f2a9302/El+Fanar+Prospectus.pdf,https://aaim.com.eg/en/file/498/39ce3a5f/Fanar+Fact+Sheet-July+2026.pdf,Daily,10,Free,Daily,Free,Banque du Caire,Catalyst,,Mega Investment/EgyptAir Holding Company Fund/The Suez Canal Authority Fund,manager_logo_url|auditor
arope_insurance_misr_fund__cfh_asset_management,Arope Insurance Misr Fund,CFH Asset Management,known,7.1,LOW,NOT_STARTED,,,,,,,,,,,,,,official_fund_profile_url|manager_logo_url|prospectus_url|factsheet_url|subscription_frequency|subscription_minimum|subscription_fee|redemption_frequency|redemption_fee|custodian|administrator|auditor|sponsor
cib_fund_i_osoul__ci_asset_management,CIB Fund I (Osoul),CI Asset Management,known,21.4,LOW,ENRICHED,,https://www.cicapital.com/wp-content/uploads/2024/07/CICapitalLogo-En.png,,https://www.cicapital.com/wp-content/uploads/2025/03/FactSheet-CIBOsoul-Feb2025-En.pdf,,,,,,,,,,official_fund_profile_url|prospectus_url|subscription_frequency|subscription_minimum|subscription_fee|redemption_frequency|redemption_fee|custodian|administrator|auditor|sponsor
az_lv__azimut_egypt_asset_management,AZ-LV,Azimut Egypt Asset Management,known,64.3,HIGH,HIGH,https://azimut.eg/fundpage;name=az-lv-1,https://api.azimut.eg/storage/entities/November2023/q5uh5R2ygOQfrAsaTOXC.jpg,https://api.azimut.eg/storage/funds/November2025/OD2859XfCm2EEPIUOfpD.pdf,https://api.azimut.eg/storage/funds/August2026/KZKtIPuvZxZ2DBHgdGff.pdf,Daily,,0,Daily,Contingent Deferred Fees applies,,,,,subscription_minimum|custodian|administrator|auditor|sponsor
housing_development_bank_mawared__pfi_asset_management,Housing & Development Bank (Mawared),PFI Asset Management,known,7.1,LOW,NOT_STARTED,,,,,,,,,,,,,,official_fund_profile_url|manager_logo_url|prospectus_url|factsheet_url|subscription_frequency|subscription_minimum|subscription_fee|redemption_frequency|redemption_fee|custodian|administrator|auditor|sponsor
beltone_fixed_income_usd_fund__beltone_asset_management,Beltone Fixed Income USD Fund,Beltone Asset Management,known,14.3,LOW,NOT_STARTED,,https://www.beltoneholding.com/assets/logo-dark.svg,,,,,,,,,,,,official_fund_profile_url|prospectus_url|factsheet_url|subscription_frequency|subscription_minimum|subscription_fee|redemption_frequency|redemption_fee|custodian|administrator|auditor|sponsor
ciam_5th_issue_electronic_payments__ci_asset_management,CIAM 5th Issue (Electronic Payments),CI Asset Management,known,14.3,LOW,NOT_STARTED,,https://www.cicapital.com/wp-content/uploads/2024/07/CICapitalLogo-En.png,,,,,,,,,,,,official_fund_profile_url|prospectus_url|factsheet_url|subscription_frequency|subscription_minimum|subscription_fee|redemption_frequency|redemption_fee|custodian|administrator|auditor|sponsor
beltone_egx_35_tracker__beltone_asset_management,Beltone EGX 35 Tracker,Beltone Asset Management,known,14.3,LOW,NOT_STARTED,,https://www.beltoneholding.com/assets/logo-dark.svg,,,,,,,,,,,,official_fund_profile_url|prospectus_url|factsheet_url|subscription_frequency|subscription_minimum|subscription_fee|redemption_frequency|redemption_fee|custodian|administrator|auditor|sponsor
az_gold__azimut_egypt_asset_management,AZ Gold,Azimut Egypt Asset Management,known,50.0,PARTIAL,PARTIAL,https://azimut.eg/fundpage;name=az-gold-2,https://api.azimut.eg/storage/entities/November2023/q5uh5R2ygOQfrAsaTOXC.jpg,https://api.azimut.eg/storage/funds/May2023/VhMqqRzMtkzzplTgbnTr.pdf,https://api.azimut.eg/storage/funds/May2026/keBvk0J5JsaRU9tr5oYU.pdf,Daily,,,Daily,,,,,,subscription_minimum|subscription_fee|redemption_fee|custodian|administrator|auditor|sponsor
beltone_egx33_shariah_index_tracker_wafra__beltone_asset_management,Beltone EGX33 Shariah Index Tracker – Wafra,Beltone Asset Management,known,14.3,LOW,NOT_STARTED,,https://www.beltoneholding.com/assets/logo-dark.svg,,,,,,,,,,,,official_fund_profile_url|prospectus_url|factsheet_url|subscription_frequency|subscription_minimum|subscription_fee|redemption_frequency|redemption_fee|custodian|administrator|auditor|sponsor
ataa__azimut_egypt_asset_management,Ataa,Azimut Egypt Asset Management,known,64.3,HIGH,HIGH,https://azimut.eg/fundpage;name=ataa-charity-fund-2,https://api.azimut.eg/storage/entities/November2023/q5uh5R2ygOQfrAsaTOXC.jpg,https://api.azimut.eg/storage/funds/March2026/gTdYBCgOafOrw99ENAj0.pdf,https://api.azimut.eg/storage/funds/November2021/jXBT0pqFBCjBvbgefKyr.pdf,Weekly,,0,Monthly,0,,,,,subscription_minimum|custodian|administrator|auditor|sponsor
basata__ci_asset_management,Basata,CI Asset Management,known,14.3,LOW,NOT_STARTED,,https://www.cicapital.com/wp-content/uploads/2024/07/CICapitalLogo-En.png,,,,,,,,,,,,official_fund_profile_url|prospectus_url|factsheet_url|subscription_frequency|subscription_minimum|subscription_fee|redemption_frequency|redemption_fee|custodian|administrator|auditor|sponsor
national_bank_of_egypt_fund_ii__x,National Bank of Egypt Fund II,Al Ahly Financial Investments Management,known,7.1,LOW,NOT_STARTED,,,,,,,,,,,,,,official_fund_profile_url|manager_logo_url|prospectus_url|factsheet_url|subscription_frequency|subscription_minimum|subscription_fee|redemption_frequency|redemption_fee|custodian|administrator|auditor|sponsor
az_halan__azimut_egypt_asset_management,AZ Halan,Azimut Egypt Asset Management,known,50.0,PARTIAL,PARTIAL,https://azimut.eg/fundpage;name=az-hala-2,https://api.azimut.eg/storage/entities/November2023/q5uh5R2ygOQfrAsaTOXC.jpg,https://api.azimut.eg/storage/funds/December2024/lOVsCTWY1zGmsCdNraO4.pdf,https://api.azimut.eg/storage/funds/July2026/j7LlgZX0PAX7jqzvSjJM.pdf,Daily,,,Daily,,,,,,subscription_minimum|subscription_fee|redemption_fee|custodian|administrator|auditor|sponsor
az_thndr__azimut_egypt_asset_management,AZ Thndr,Azimut Egypt Asset Management,known,50.0,PARTIAL,PARTIAL,https://azimut.eg/fundpage;name=az-thndr-1,https://api.azimut.eg/storage/entities/November2023/q5uh5R2ygOQfrAsaTOXC.jpg,https://api.azimut.eg/storage/funds/September2025/L9ZcYG4x2AJWwlhQ0Tss.pdf,https://api.azimut.eg/storage/funds/July2026/b39ySFdm5RcsEohVP9ul.pdf,Daily,,,Daily,,,,,,subscription_minimum|subscription_fee|redemption_fee|custodian|administrator|auditor|sponsor
suez_canal_bank_fund_ii_al_agial__beltone_asset_management,Suez Canal Bank Fund II (Al Agial),Beltone Asset Management,known,14.3,LOW,NOT_STARTED,,https://www.beltoneholding.com/assets/logo-dark.svg,,,,,,,,,,,,official_fund_profile_url|prospectus_url|factsheet_url|subscription_frequency|subscription_minimum|subscription_fee|redemption_frequency|redemption_fee|custodian|administrator|auditor|sponsor
beltone_real_estate_fund__beltone_asset_management,Beltone Real Estate Fund,Beltone Asset Management,known,14.3,LOW,NOT_STARTED,,https://www.beltoneholding.com/assets/logo-dark.svg,,,,,,,,,,,,official_fund_profile_url|prospectus_url|factsheet_url|subscription_frequency|subscription_minimum|subscription_fee|redemption_frequency|redemption_fee|custodian|administrator|auditor|sponsor
suez_canal_bank_al_suez_al_youmi__ci_asset_management,Suez Canal Bank ( Al Suez Al Youmi),CI Asset Management,known,14.3,LOW,NOT_STARTED,,https://www.cicapital.com/wp-content/uploads/2024/07/CICapitalLogo-En.png,,,,,,,,,,,,official_fund_profile_url|prospectus_url|factsheet_url|subscription_frequency|subscription_minimum|subscription_fee|redemption_frequency|redemption_fee|custodian|administrator|auditor|sponsor
banque_misr_fund_iv__ci_asset_management,Banque Misr Fund IV,CI Asset Management,known,21.4,LOW,ENRICHED,,https://www.cicapital.com/wp-content/uploads/2024/07/CICapitalLogo-En.png,,https://www.cicapital.com/wp-content/uploads/2025/03/FactSheet-BankMisr4thFund-Feb2025-En.pdf,,,,,,,,,,official_fund_profile_url|prospectus_url|subscription_frequency|subscription_minimum|subscription_fee|redemption_frequency|redemption_fee|custodian|administrator|auditor|sponsor
bonds_fixed_income_usd_fund__arab_african_investment_management,Bonds Fixed Income USD Fund,Arab African Investment Management,known,85.7,COMPLETE,COMPLETE,https://aaim.com.eg/en/what-we-offer/funds/bond,,https://aaim.com.eg/en/file/487/ce19e135/Bonds+prospects.pdf,https://aaim.com.eg/en/file/493/bd535674/Bond%24+FACT+SHEET-July+2026.pdf,Daily,10,Free,Weekly,Free,Bank du Caire,Catalyst,,Arab African Investment Holding,manager_logo_url|auditor
bank_abc_fund_i__azimut_egypt_asset_management,Bank ABC Fund I,Azimut Egypt Asset Management,known,64.3,HIGH,HIGH,https://azimut.eg/fundpage;name=abc-2,https://api.azimut.eg/storage/entities/November2023/q5uh5R2ygOQfrAsaTOXC.jpg,https://api.azimut.eg/storage/funds/May2025/znKR206saP8Ei173BPet.pdf,https://api.azimut.eg/storage/funds/November2021/4vIP9r5FrDanH690iMMn.pdf,Weekly,,0.0,Weekly,0,,,,,subscription_minimum|custodian|administrator|auditor|sponsor
al_ahli_bank_of_kuwait_egypt_fund_ii__sigma_asset_management,Al Ahli Bank of Kuwait - Egypt Fund II,Sigma Asset Management,known,7.1,LOW,NOT_STARTED,,,,,,,,,,,,,,official_fund_profile_url|manager_logo_url|prospectus_url|factsheet_url|subscription_frequency|subscription_minimum|subscription_fee|redemption_frequency|redemption_fee|custodian|administrator|auditor|sponsor
ebank_fund_el_khabeer__azimut_egypt_asset_management,Ebank Fund (El Khabeer),Azimut Egypt Asset Management,known,71.4,HIGH,HIGH,https://azimut.eg/fundpage;name=ebank-el-khabeer-2,https://api.azimut.eg/storage/entities/November2023/q5uh5R2ygOQfrAsaTOXC.jpg,https://api.azimut.eg/storage/funds/April2024/f9Re3ZPqH9Izr173bsDo.pdf,https://api.azimut.eg/storage/funds/October2024/ifUuAxIlu7EujJJIfX27.pdf,Weekly,1 / 1 Units,0,Weekly,0,,,,,custodian|administrator|auditor|sponsor
ahli_united_bank_alpha__hermes_portfolio_and_fund_management,Ahli United Bank (Alpha),Hermes Portfolio and Fund Management,known,14.3,LOW,NOT_STARTED,,https://efgholding.com/uploads/logo_84cc2a9a06.svg,,,,,,,,,,,,official_fund_profile_url|prospectus_url|factsheet_url|subscription_frequency|subscription_minimum|subscription_fee|redemption_frequency|redemption_fee|custodian|administrator|auditor|sponsor
national_bank_of_egypt_fund_i__x,National Bank of Egypt Fund I,Al Ahly Financial Investments Management,known,7.1,LOW,NOT_STARTED,,,,,,,,,,,,,,official_fund_profile_url|manager_logo_url|prospectus_url|factsheet_url|subscription_frequency|subscription_minimum|subscription_fee|redemption_frequency|redemption_fee|custodian|administrator|auditor|sponsor
blom_bank_fund_i__cfh_asset_management,Blom Bank Fund I,CFH Asset Management,known,7.1,LOW,NOT_STARTED,,,,,,,,,,,,,,official_fund_profile_url|manager_logo_url|prospectus_url|factsheet_url|subscription_frequency|subscription_minimum|subscription_fee|redemption_frequency|redemption_fee|custodian|administrator|auditor|sponsor
edkhar__azimut_egypt_asset_management,Edkhar,Azimut Egypt Asset Management,known,64.3,HIGH,HIGH,https://azimut.eg/fundpage;name=az-adkhar-1,https://api.azimut.eg/storage/entities/November2023/q5uh5R2ygOQfrAsaTOXC.jpg,https://api.azimut.eg/storage/funds/December2024/BxFIvG4qgvdFnBHq6mDw.pdf,https://api.azimut.eg/storage/funds/August2024/ZDRXMgTeRWBcNS1ChqpH.pdf,Daily,,0,Daily,0,,,,,subscription_minimum|custodian|administrator|auditor|sponsor
az_foras__azimut_egypt_asset_management,AZ Foras,Azimut Egypt Asset Management,known,64.3,HIGH,HIGH,https://azimut.eg/fundpage;name=az-frs-2,https://api.azimut.eg/storage/entities/November2023/q5uh5R2ygOQfrAsaTOXC.jpg,https://api.azimut.eg/storage/funds/December2024/uqyLUKhisU9osqbhh8k5.pdf,https://api.azimut.eg/storage/funds/May2026/gCuT53EvZuoUHWEQtdRP.pdf,Daily,,0,Daily,Contingent Deferred Fees applies,,,,,subscription_minimum|custodian|administrator|auditor|sponsor
ebank_fund_iii_konooz__prime_investments,Ebank Fund III (Konooz),Prime Investments,known,7.1,LOW,NOT_STARTED,,,,,,,,,,,,,,official_fund_profile_url|manager_logo_url|prospectus_url|factsheet_url|subscription_frequency|subscription_minimum|subscription_fee|redemption_frequency|redemption_fee|custodian|administrator|auditor|sponsor
hermes_shariah__hermes_portfolio_and_fund_management,Hermes Shariah,Hermes Portfolio and Fund Management,known,28.6,LOW,ENRICHED,https://efgholding.com/en/our-services/mutual-funds/EFG-EQShariah,https://efgholding.com/uploads/logo_84cc2a9a06.svg,,https://efgholding.com/uploads/EN_EFG_EQ_Shariah_Factsheet_Q2_2026_00bfd23769.pdf,,,,,,,,,,prospectus_url|subscription_frequency|subscription_minimum|subscription_fee|redemption_frequency|redemption_fee|custodian|administrator|auditor|sponsor
stream__cfh_asset_management,Stream,CFH Asset Management,known,7.1,LOW,NOT_STARTED,,,,,,,,,,,,,,official_fund_profile_url|manager_logo_url|prospectus_url|factsheet_url|subscription_frequency|subscription_minimum|subscription_fee|redemption_frequency|redemption_fee|custodian|administrator|auditor|sponsor
azimut_target_maturity_fund_target_2030_usd__azimut_egypt_asset_management,Azimut Target Maturity Fund-Target 2030 USD,Azimut Egypt Asset Management,known,50.0,PARTIAL,PARTIAL,https://azimut.eg/fundpage;name=az-asthkak-t30-usd-1,https://api.azimut.eg/storage/entities/November2023/q5uh5R2ygOQfrAsaTOXC.jpg,https://api.azimut.eg/storage/funds/September2025/aFKvMYEDKAae3aT00I5L.pdf,https://api.azimut.eg/storage/funds/August2026/KYvEW70ihVrGeiHhGexu.pdf,During the initial subs. phase or if the investment manager decided to make a re-open for a limited period,,,Monthly,,,,,,subscription_minimum|subscription_fee|redemption_fee|custodian|administrator|auditor|sponsor
credit_agricole_egypt_fund_iv_al_thiqa__hc_securities_investment,Credit Agricole Egypt Fund IV (Al Thiqa),HC Securities & Investment,known,7.1,LOW,NOT_STARTED,,,,,,,,,,,,,,official_fund_profile_url|manager_logo_url|prospectus_url|factsheet_url|subscription_frequency|subscription_minimum|subscription_fee|redemption_frequency|redemption_fee|custodian|administrator|auditor|sponsor
mid_bank_fund_i__beltone_asset_management,MID Bank Fund I,Beltone Asset Management,known,14.3,LOW,NOT_STARTED,,https://www.beltoneholding.com/assets/logo-dark.svg,,,,,,,,,,,,official_fund_profile_url|prospectus_url|factsheet_url|subscription_frequency|subscription_minimum|subscription_fee|redemption_frequency|redemption_fee|custodian|administrator|auditor|sponsor
fab_misr_fund_etm_nan__hc_securities_investment,FAB Misr Fund (Etm'nan),HC Securities & Investment,known,7.1,LOW,NOT_STARTED,,,,,,,,,,,,,,official_fund_profile_url|manager_logo_url|prospectus_url|factsheet_url|subscription_frequency|subscription_minimum|subscription_fee|redemption_frequency|redemption_fee|custodian|administrator|auditor|sponsor
saib_fund_ii__hermes_portfolio_and_fund_management,SAIB Fund II,Hermes Portfolio and Fund Management,known,42.9,PARTIAL,PARTIAL,https://efgholding.com/en/our-services/mutual-funds/SAIB2,https://efgholding.com/uploads/logo_84cc2a9a06.svg,,https://efgholding.com/uploads/EN_SAIB_2_Factsheet_Q2_2026_ed0604fd68.pdf,Weekly,,,Weekly,,,,,,prospectus_url|subscription_minimum|subscription_fee|redemption_fee|custodian|administrator|auditor|sponsor
saib_adib_fund_sanabel__ci_asset_management,SAIB & ADIB Fund (Sanabel),CI Asset Management,known,35.7,PARTIAL,PARTIAL,,https://www.cicapital.com/wp-content/uploads/2024/07/CICapitalLogo-En.png,,https://www.cicapital.com/wp-content/uploads/2025/03/FactSheet-SanabelIslamicFund-Jan2025-Ar.pdf,Daily,,,Weekly Thursday,,,,,,official_fund_profile_url|prospectus_url|subscription_minimum|subscription_fee|redemption_fee|custodian|administrator|auditor|sponsor
ciam_gold_fund__ci_asset_management,CIAM Gold Fund,CI Asset Management,known,14.3,LOW,NOT_STARTED,,https://www.cicapital.com/wp-content/uploads/2024/07/CICapitalLogo-En.png,,,,,,,,,,,,official_fund_profile_url|prospectus_url|factsheet_url|subscription_frequency|subscription_minimum|subscription_fee|redemption_frequency|redemption_fee|custodian|administrator|auditor|sponsor
kfh_bank_alpha__hermes_portfolio_and_fund_management,KFH Bank (Alpha),Hermes Portfolio and Fund Management,known,50.0,PARTIAL,PARTIAL,https://efgholding.com/en/our-services/mutual-funds/Alpha,https://efgholding.com/uploads/logo_84cc2a9a06.svg,,https://efgholding.com/uploads/EN_ALPHA_Factsheet_Q2_2026_6a68df8679.pdf,Weekly,10 investment certificates,,Weekly,,,,,,prospectus_url|subscription_fee|redemption_fee|custodian|administrator|auditor|sponsor
national_bank_of_egypt_fund_iii__x,National Bank of Egypt Fund III,Al Ahly Financial Investments Management,known,7.1,LOW,NOT_STARTED,,,,,,,,,,,,,,official_fund_profile_url|manager_logo_url|prospectus_url|factsheet_url|subscription_frequency|subscription_minimum|subscription_fee|redemption_frequency|redemption_fee|custodian|administrator|auditor|sponsor
nbe_al_baraka_bank_egypt_fund_bashayer__x,NBE & Al Baraka Bank Egypt Fund (Bashayer),Al Ahly Financial Investments Management,known,7.1,LOW,NOT_STARTED,,,,,,,,,,,,,,official_fund_profile_url|manager_logo_url|prospectus_url|factsheet_url|subscription_frequency|subscription_minimum|subscription_fee|redemption_frequency|redemption_fee|custodian|administrator|auditor|sponsor
gig_makaseb_fund_second_tranche__ni_capital,GIG Makaseb Fund Second Tranche,NI Capital,known,7.1,LOW,NOT_STARTED,,,,,,,,,,,,,,official_fund_profile_url|manager_logo_url|prospectus_url|factsheet_url|subscription_frequency|subscription_minimum|subscription_fee|redemption_frequency|redemption_fee|custodian|administrator|auditor|sponsor
maksab_first_tranche_usd__x,Maksab First Tranche USD $,,unknown,0.0,LOW,NOT_STARTED,,,,,,,,,,,,,,manager_name|official_fund_profile_url|manager_logo_url|prospectus_url|factsheet_url|subscription_frequency|subscription_minimum|subscription_fee|redemption_frequency|redemption_fee|custodian|administrator|auditor|sponsor
egyptian_arab_land_bank_fund_al_masry__x,Egyptian Arab Land Bank Fund (Al Masry),,unknown,0.0,LOW,NOT_STARTED,,,,,,,,,,,,,,manager_name|official_fund_profile_url|manager_logo_url|prospectus_url|factsheet_url|subscription_frequency|subscription_minimum|subscription_fee|redemption_frequency|redemption_fee|custodian|administrator|auditor|sponsor
prime_nmow__prime_investments,Prime NMOW,Prime Investments,known,7.1,LOW,NOT_STARTED,,,,,,,,,,,,,,official_fund_profile_url|manager_logo_url|prospectus_url|factsheet_url|subscription_frequency|subscription_minimum|subscription_fee|redemption_frequency|redemption_fee|custodian|administrator|auditor|sponsor
arab_bank_fund_yomaty__beltone_asset_management,Arab Bank Fund (Yomaty),Beltone Asset Management,known,14.3,LOW,NOT_STARTED,,https://www.beltoneholding.com/assets/logo-dark.svg,,,,,,,,,,,,official_fund_profile_url|prospectus_url|factsheet_url|subscription_frequency|subscription_minimum|subscription_fee|redemption_frequency|redemption_fee|custodian|administrator|auditor|sponsor
maashy__azimut_egypt_asset_management,*Maashy,Azimut Egypt Asset Management,known,71.4,HIGH,HIGH,https://azimut.eg/fundpage;name=maashy-2,https://api.azimut.eg/storage/entities/November2023/q5uh5R2ygOQfrAsaTOXC.jpg,https://api.azimut.eg/storage/funds/May2022/iMxDVBqGKRapgFUb3717.pdf,https://api.azimut.eg/storage/funds/October2024/ljj5TLcdeIh8DlweflSI.pdf,Daily,100/1 Units,0,Monthly,0.25%,,,,,custodian|administrator|auditor|sponsor
ciam_1st_issue_real_estate__ci_asset_management,CIAM 1st Issue (Real Estate),CI Asset Management,known,14.3,LOW,NOT_STARTED,,https://www.cicapital.com/wp-content/uploads/2024/07/CICapitalLogo-En.png,,,,,,,,,,,,official_fund_profile_url|prospectus_url|factsheet_url|subscription_frequency|subscription_minimum|subscription_fee|redemption_frequency|redemption_fee|custodian|administrator|auditor|sponsor
shefa_orman_charity_fund__ci_asset_management,Shefa Orman Charity Fund,CI Asset Management,known,14.3,LOW,NOT_STARTED,,https://www.cicapital.com/wp-content/uploads/2024/07/CICapitalLogo-En.png,,,,,,,,,,,,official_fund_profile_url|prospectus_url|factsheet_url|subscription_frequency|subscription_minimum|subscription_fee|redemption_frequency|redemption_fee|custodian|administrator|auditor|sponsor
misr_insurance_fund__beltone_asset_management,Misr Insurance Fund,Beltone Asset Management,known,14.3,LOW,NOT_STARTED,,https://www.beltoneholding.com/assets/logo-dark.svg,,,,,,,,,,,,official_fund_profile_url|prospectus_url|factsheet_url|subscription_frequency|subscription_minimum|subscription_fee|redemption_frequency|redemption_fee|custodian|administrator|auditor|sponsor
az_value__azimut_egypt_asset_management,AZ Value,Azimut Egypt Asset Management,known,42.9,PARTIAL,PARTIAL,https://azimut.eg/fundpage;name=az-falyo-1,https://api.azimut.eg/storage/entities/November2023/q5uh5R2ygOQfrAsaTOXC.jpg,https://api.azimut.eg/storage/funds/December2024/NlWDYHidJWYJAVvtYZJV.pdf,,Daily,,,Daily,,,,,,factsheet_url|subscription_minimum|subscription_fee|redemption_fee|custodian|administrator|auditor|sponsor
azimut_target_maturity_fund_target_2027_usd__azimut_egypt_asset_management,Azimut Target Maturity Fund-Target 2027 USD,Azimut Egypt Asset Management,known,50.0,PARTIAL,PARTIAL,https://azimut.eg/fundpage;name=az-asthkak-t27-usd-2,https://api.azimut.eg/storage/entities/November2023/q5uh5R2ygOQfrAsaTOXC.jpg,https://api.azimut.eg/storage/funds/January2022/IIW78RMPwMWHMK4ZJinh.pdf,https://api.azimut.eg/storage/funds/August2026/6FCNDFItCEfsUF88fB1l.pdf,During the initial subs. phase or if the investment manager decided to make a re-open for a limited period,,,Monthly,,,,,,subscription_minimum|subscription_fee|redemption_fee|custodian|administrator|auditor|sponsor
fibe_cib_aman__ci_asset_management,FIBE & CIB (Aman),CI Asset Management,known,14.3,LOW,NOT_STARTED,,https://www.cicapital.com/wp-content/uploads/2024/07/CICapitalLogo-En.png,,,,,,,,,,,,official_fund_profile_url|prospectus_url|factsheet_url|subscription_frequency|subscription_minimum|subscription_fee|redemption_frequency|redemption_fee|custodian|administrator|auditor|sponsor
agricultural_bank_of_egypt_al_wefak__ci_asset_management,Agricultural Bank of Egypt (Al Wefak),CI Asset Management,known,14.3,LOW,NOT_STARTED,,https://www.cicapital.com/wp-content/uploads/2024/07/CICapitalLogo-En.png,,,,,,,,,,,,official_fund_profile_url|prospectus_url|factsheet_url|subscription_frequency|subscription_minimum|subscription_fee|redemption_frequency|redemption_fee|custodian|administrator|auditor|sponsor
hsbc_egypt_bank_fund__hermes_portfolio_and_fund_management,HSBC Egypt Bank Fund,Hermes Portfolio and Fund Management,known,28.6,LOW,ENRICHED,https://efgholding.com/en/our-services/mutual-funds/hsbcmmf,https://efgholding.com/uploads/logo_84cc2a9a06.svg,https://efgholding.com/uploads/EN_HSBCMMF_Prospectus_2025_894178843c.pdf,,,,,,,,,,,factsheet_url|subscription_frequency|subscription_minimum|subscription_fee|redemption_frequency|redemption_fee|custodian|administrator|auditor|sponsor
banque_du_caire_al_thabet__ci_asset_management,Banque Du Caire (Al Thabet),CI Asset Management,known,35.7,PARTIAL,PARTIAL,,https://www.cicapital.com/wp-content/uploads/2024/07/CICapitalLogo-En.png,,https://www.cicapital.com/wp-content/uploads/2025/03/FactSheet-BDCElthabet-Feb2025-En.pdf,Weekly on Sunday,,,Monthly last Sunday,,,,,,official_fund_profile_url|prospectus_url|subscription_minimum|subscription_fee|redemption_fee|custodian|administrator|auditor|sponsor
aman_micro_finance__prime_investments,Aman Micro Finance,Prime Investments,known,7.1,LOW,NOT_STARTED,,,,,,,,,,,,,,official_fund_profile_url|manager_logo_url|prospectus_url|factsheet_url|subscription_frequency|subscription_minimum|subscription_fee|redemption_frequency|redemption_fee|custodian|administrator|auditor|sponsor
hourus__x,Hourus,Al Ahly Financial Investments Management,known,7.1,LOW,NOT_STARTED,,,,,,,,,,,,,,official_fund_profile_url|manager_logo_url|prospectus_url|factsheet_url|subscription_frequency|subscription_minimum|subscription_fee|redemption_frequency|redemption_fee|custodian|administrator|auditor|sponsor
adib_egypt_shari_a_compliant_al_nahrda_fund__beltone_asset_management,ADIB Egypt Shari'a Compliant (Al Nahrda Fund),Beltone Asset Management,known,14.3,LOW,NOT_STARTED,,https://www.beltoneholding.com/assets/logo-dark.svg,,,,,,,,,,,,official_fund_profile_url|prospectus_url|factsheet_url|subscription_frequency|subscription_minimum|subscription_fee|redemption_frequency|redemption_fee|custodian|administrator|auditor|sponsor
arab_african_international_bank_guard__arab_african_investment_management,Arab African International Bank (Guard),Arab African Investment Management,known,85.7,COMPLETE,COMPLETE,https://aaim.com.eg/en/what-we-offer/funds/guard,,https://aaim.com.eg/en/file/406/e6c80f02/Guard+Prospectus.PDF,https://aaim.com.eg/en/file/495/498490a7/Guard+%281%29.pdf,Weekly,100,Free,Weekly,Free,Misrbank,Catalyst,,AAIB,manager_logo_url|auditor
aspire_waffrah_plus__x,Aspire Waffrah Plus,,unknown,0.0,LOW,NOT_STARTED,,,,,,,,,,,,,,manager_name|official_fund_profile_url|manager_logo_url|prospectus_url|factsheet_url|subscription_frequency|subscription_minimum|subscription_fee|redemption_frequency|redemption_fee|custodian|administrator|auditor|sponsor
ahli_united_bank_tharwa__hermes_portfolio_and_fund_management,Ahli United Bank (Tharwa),Hermes Portfolio and Fund Management,known,50.0,PARTIAL,PARTIAL,https://efgholding.com/en/our-services/mutual-funds/tharwa,https://efgholding.com/uploads/logo_84cc2a9a06.svg,,https://efgholding.com/uploads/EN_THARWA_Factsheet_Q2_2026_b849842750.pdf,Daily,100 investment certificates,,Daily,,,,,,prospectus_url|subscription_fee|redemption_fee|custodian|administrator|auditor|sponsor
ciam_4th_issue_consumption__ci_asset_management,CIAM 4th Issue (Consumption),CI Asset Management,known,14.3,LOW,NOT_STARTED,,https://www.cicapital.com/wp-content/uploads/2024/07/CICapitalLogo-En.png,,,,,,,,,,,,official_fund_profile_url|prospectus_url|factsheet_url|subscription_frequency|subscription_minimum|subscription_fee|redemption_frequency|redemption_fee|custodian|administrator|auditor|sponsor
bank_nxt_fund_iii_sanady__azimut_egypt_asset_management,Bank Nxt Fund III (Sanady),Azimut Egypt Asset Management,known,64.3,HIGH,HIGH,https://azimut.eg/fundpage;name=bank-nxt-sanady-1,https://api.azimut.eg/storage/entities/November2023/q5uh5R2ygOQfrAsaTOXC.jpg,https://api.azimut.eg/storage/funds/March2024/A1r9KuIRePrUZIeThm8r.pdf,https://api.azimut.eg/storage/funds/July2026/pIs9Ed7cyXrSzuLWDfIi.pdf,Daily,,0,Weekly,0,,,,,subscription_minimum|custodian|administrator|auditor|sponsor
ciam_gold__ci_asset_management,CIAM Gold,CI Asset Management,known,14.3,LOW,NOT_STARTED,,https://www.cicapital.com/wp-content/uploads/2024/07/CICapitalLogo-En.png,,,,,,,,,,,,official_fund_profile_url|prospectus_url|factsheet_url|subscription_frequency|subscription_minimum|subscription_fee|redemption_frequency|redemption_fee|custodian|administrator|auditor|sponsor
az_foras_shariah__azimut_egypt_asset_management,AZ-Foras Shariah,Azimut Egypt Asset Management,known,64.3,HIGH,HIGH,https://azimut.eg/fundpage;name=az-frs-alshryaa-1,https://api.azimut.eg/storage/entities/November2023/q5uh5R2ygOQfrAsaTOXC.jpg,https://api.azimut.eg/storage/funds/December2024/ssUMGO0M3BT4TS7ZHFR6.pdf,https://api.azimut.eg/storage/funds/August2026/zGX7a3HMvJ4fzcjau2u8.pdf,Daily,,0,Daily,Contingent Deferred Fees applies,,,,,subscription_minimum|custodian|administrator|auditor|sponsor
zaldi_star__zaldi_investments,Zaldi Star,Zaldi Investments,known,7.1,LOW,NOT_STARTED,,,,,,,,,,,,,,official_fund_profile_url|manager_logo_url|prospectus_url|factsheet_url|subscription_frequency|subscription_minimum|subscription_fee|redemption_frequency|redemption_fee|custodian|administrator|auditor|sponsor
odin_trend__x,Odin Trend,,unknown,0.0,LOW,NOT_STARTED,,,,,,,,,,,,,,manager_name|official_fund_profile_url|manager_logo_url|prospectus_url|factsheet_url|subscription_frequency|subscription_minimum|subscription_fee|redemption_frequency|redemption_fee|custodian|administrator|auditor|sponsor
ciam_7th_issue_hd_20__ci_asset_management,CIAM 7th Issue (HD 20),CI Asset Management,known,14.3,LOW,NOT_STARTED,,https://www.cicapital.com/wp-content/uploads/2024/07/CICapitalLogo-En.png,,,,,,,,,,,,official_fund_profile_url|prospectus_url|factsheet_url|subscription_frequency|subscription_minimum|subscription_fee|redemption_frequency|redemption_fee|custodian|administrator|auditor|sponsor
wethaq__x,Wethaq,Al Ahly Financial Investments Management,known,7.1,LOW,NOT_STARTED,,,,,,,,,,,,,,official_fund_profile_url|manager_logo_url|prospectus_url|factsheet_url|subscription_frequency|subscription_minimum|subscription_fee|redemption_frequency|redemption_fee|custodian|administrator|auditor|sponsor
fab_misr_fund_ezdhar__acumen_asset_management,FAB Misr Fund (Ezdhar),Acumen Asset Management,known,7.1,LOW,NOT_STARTED,,,,,,,,,,,,,,official_fund_profile_url|manager_logo_url|prospectus_url|factsheet_url|subscription_frequency|subscription_minimum|subscription_fee|redemption_frequency|redemption_fee|custodian|administrator|auditor|sponsor
national_bank_of_egypt_fund_iv__x,National Bank of Egypt Fund IV,Al Ahly Financial Investments Management,known,7.1,LOW,NOT_STARTED,,,,,,,,,,,,,,official_fund_profile_url|manager_logo_url|prospectus_url|factsheet_url|subscription_frequency|subscription_minimum|subscription_fee|redemption_frequency|redemption_fee|custodian|administrator|auditor|sponsor
qnb_alahli_tadawol__hc_securities_investment,QNB AlAHLI (Tadawol),HC Securities & Investment,known,7.1,LOW,NOT_STARTED,,,,,,,,,,,,,,official_fund_profile_url|manager_logo_url|prospectus_url|factsheet_url|subscription_frequency|subscription_minimum|subscription_fee|redemption_frequency|redemption_fee|custodian|administrator|auditor|sponsor
beltone_egx100_index_tracker_meya_meya__beltone_asset_management,Beltone EGX100 Index Tracker – Meya Meya,Beltone Asset Management,known,14.3,LOW,NOT_STARTED,,https://www.beltoneholding.com/assets/logo-dark.svg,,,,,,,,,,,,official_fund_profile_url|prospectus_url|factsheet_url|subscription_frequency|subscription_minimum|subscription_fee|redemption_frequency|redemption_fee|custodian|administrator|auditor|sponsor
target_first_fund__target_asset_management,Target First Fund,Target Asset Management,known,7.1,LOW,NOT_STARTED,,,,,,,,,,,,,,official_fund_profile_url|manager_logo_url|prospectus_url|factsheet_url|subscription_frequency|subscription_minimum|subscription_fee|redemption_frequency|redemption_fee|custodian|administrator|auditor|sponsor
credit_agricole_egypt_fund_i__hermes_portfolio_and_fund_management,Credit Agricole Egypt Fund I,Hermes Portfolio and Fund Management,known,50.0,PARTIAL,PARTIAL,https://efgholding.com/en/our-services/mutual-funds/CA-1,https://efgholding.com/uploads/logo_84cc2a9a06.svg,,https://efgholding.com/uploads/EN_CA_1_Factsheet_Q2_2026_3141478d16.pdf,Weekly,10 investment certificates,,Weekly,,,,,,prospectus_url|subscription_fee|redemption_fee|custodian|administrator|auditor|sponsor
ci_misr_al_youmy__ci_asset_management,CI Misr Al Youmy,CI Asset Management,known,14.3,LOW,NOT_STARTED,,https://www.cicapital.com/wp-content/uploads/2024/07/CICapitalLogo-En.png,,,,,,,,,,,,official_fund_profile_url|prospectus_url|factsheet_url|subscription_frequency|subscription_minimum|subscription_fee|redemption_frequency|redemption_fee|custodian|administrator|auditor|sponsor
qnb_alahli_themar__hermes_portfolio_and_fund_management,QNB AlAhli (Themar),Hermes Portfolio and Fund Management,known,50.0,PARTIAL,PARTIAL,https://efgholding.com/en/our-services/mutual-funds/themar,https://efgholding.com/uploads/logo_84cc2a9a06.svg,,https://efgholding.com/uploads/EN_THEMAR_Factsheet_Q2_2026_0ea54164f2.pdf,Daily,100 investment certificates,,Daily,,,,,,prospectus_url|subscription_fee|redemption_fee|custodian|administrator|auditor|sponsor
arab_african_international_bank_shield__arab_african_investment_management,Arab African International Bank (Shield),Arab African Investment Management,known,85.7,COMPLETE,COMPLETE,https://aaim.com.eg/en/what-we-offer/funds/shield,,https://aaim.com.eg/en/file/413/913e6278/Shield+Prospectus.PDF,https://aaim.com.eg/en/file/504/063afb74/Sheild+%281%29.pdf,Daily,5,Free,Daily,0.75%,Misrbank,Catalyst,,AAIB,manager_logo_url|auditor
agricultural_bank_of_egypt_al_hasad_al_yaumy__hc_securities_investment,Agricultural Bank of Egypt (Al Hasad Al Yaumy),HC Securities & Investment,known,7.1,LOW,NOT_STARTED,,,,,,,,,,,,,,official_fund_profile_url|manager_logo_url|prospectus_url|factsheet_url|subscription_frequency|subscription_minimum|subscription_fee|redemption_frequency|redemption_fee|custodian|administrator|auditor|sponsor
al_ahly_hayat__x,Al Ahly Hayat,Al Ahly Financial Investments Management,known,7.1,LOW,NOT_STARTED,,,,,,,,,,,,,,official_fund_profile_url|manager_logo_url|prospectus_url|factsheet_url|subscription_frequency|subscription_minimum|subscription_fee|redemption_frequency|redemption_fee|custodian|administrator|auditor|sponsor
beltone_financial_fund__beltone_asset_management,Beltone Financial Fund,Beltone Asset Management,known,14.3,LOW,NOT_STARTED,,https://www.beltoneholding.com/assets/logo-dark.svg,,,,,,,,,,,,official_fund_profile_url|prospectus_url|factsheet_url|subscription_frequency|subscription_minimum|subscription_fee|redemption_frequency|redemption_fee|custodian|administrator|auditor|sponsor
egyptian_gulf_bank_tharaa__prime_investments,Egyptian Gulf Bank (Tharaa),Prime Investments,known,7.1,LOW,NOT_STARTED,,,,,,,,,,,,,,official_fund_profile_url|manager_logo_url|prospectus_url|factsheet_url|subscription_frequency|subscription_minimum|subscription_fee|redemption_frequency|redemption_fee|custodian|administrator|auditor|sponsor
national_bank_of_kuwait_fund_ishraq__nbk_capital_asset_management_egypt,National Bank of Kuwait Fund (Ishraq),NBK Capital Asset Management Egypt,known,14.3,LOW,ENRICHED,https://www.nbk.com/egypt/financial-markets/investment/mutual-funds/ishraq.html,,,,,,,,,,,,,manager_logo_url|prospectus_url|factsheet_url|subscription_frequency|subscription_minimum|subscription_fee|redemption_frequency|redemption_fee|custodian|administrator|auditor|sponsor
misr_al_mostakbal_fund__hc_securities_investment,Misr Al Mostakbal Fund,HC Securities & Investment,known,7.1,LOW,NOT_STARTED,,,,,,,,,,,,,,official_fund_profile_url|manager_logo_url|prospectus_url|factsheet_url|subscription_frequency|subscription_minimum|subscription_fee|redemption_frequency|redemption_fee|custodian|administrator|auditor|sponsor
tamayoz__x,Tamayoz,Al Ahly Financial Investments Management,known,7.1,LOW,NOT_STARTED,,,,,,,,,,,,,,official_fund_profile_url|manager_logo_url|prospectus_url|factsheet_url|subscription_frequency|subscription_minimum|subscription_fee|redemption_frequency|redemption_fee|custodian|administrator|auditor|sponsor
az_naser__azimut_egypt_asset_management,AZ Naser,Azimut Egypt Asset Management,known,50.0,PARTIAL,PARTIAL,https://azimut.eg/fundpage;name=az-nasr-2,https://api.azimut.eg/storage/entities/November2023/q5uh5R2ygOQfrAsaTOXC.jpg,https://api.azimut.eg/storage/funds/February2023/5MSyGhQmx8SAmgK3XZpc.pdf,https://api.azimut.eg/storage/funds/May2026/ueriRbVR7xoRnlCc11bt.pdf,Daily,,,Daily,,,,,,subscription_minimum|subscription_fee|redemption_fee|custodian|administrator|auditor|sponsor
b_couponat__beltone_asset_management,B-Couponat,Beltone Asset Management,known,14.3,LOW,NOT_STARTED,,https://www.beltoneholding.com/assets/logo-dark.svg,,,,,,,,,,,,official_fund_profile_url|prospectus_url|factsheet_url|subscription_frequency|subscription_minimum|subscription_fee|redemption_frequency|redemption_fee|custodian|administrator|auditor|sponsor
national_bank_of_egypt_vii__x,National Bank of Egypt VII,Al Ahly Financial Investments Management,known,7.1,LOW,NOT_STARTED,,,,,,,,,,,,,,official_fund_profile_url|manager_logo_url|prospectus_url|factsheet_url|subscription_frequency|subscription_minimum|subscription_fee|redemption_frequency|redemption_fee|custodian|administrator|auditor|sponsor
menthum__azimut_egypt_asset_management,Menthum,Azimut Egypt Asset Management,known,64.3,HIGH,HIGH,https://azimut.eg/fundpage;name=menthum-2,https://api.azimut.eg/storage/entities/November2023/q5uh5R2ygOQfrAsaTOXC.jpg,https://api.azimut.eg/storage/funds/May2022/tmvnz3L9AhMRHwilC2SN.pdf,https://api.azimut.eg/storage/funds/May2026/7zB1BY1oyoQYr6bLN1fi.pdf,Daily,,0,Daily,0,,,,,subscription_minimum|custodian|administrator|auditor|sponsor
qnb_al_ahli_tawazon__beltone_asset_management,QNB Al Ahli (Tawazon),Beltone Asset Management,known,14.3,LOW,NOT_STARTED,,https://www.beltoneholding.com/assets/logo-dark.svg,,,,,,,,,,,,official_fund_profile_url|prospectus_url|factsheet_url|subscription_frequency|subscription_minimum|subscription_fee|redemption_frequency|redemption_fee|custodian|administrator|auditor|sponsor
the_united_bank_fund_rakhaa__ci_asset_management,The United Bank Fund (Rakhaa),CI Asset Management,known,14.3,LOW,NOT_STARTED,,https://www.cicapital.com/wp-content/uploads/2024/07/CICapitalLogo-En.png,,,,,,,,,,,,official_fund_profile_url|prospectus_url|factsheet_url|subscription_frequency|subscription_minimum|subscription_fee|redemption_frequency|redemption_fee|custodian|administrator|auditor|sponsor
